\i drop_tables.sql
\i bd_tables_create_script.sql

--Todas as senhas são 'senha'
insert into usuario values ('gerente', 'gerente@sigo.com.br', 'aj20zxsGYUfQmnyMYLnaRUyKC1X/Qg1IE7/+ML4bM8y1s1kVx1hO/Tz4yL0+Rc1E/uanrXp9B6v0Jk/F4d0gWbHY7ZSgrQ3kel8ZynRqC4F6mvG09zfe4t60KPdJ8eqlHe/v91p5ENevHe22ByS8d7EnBn/PV0Cq/ib3zKFo8J0=', 'PAqD2o3m8uR+ZveTh5PRY+A/eIQQYLlPFId/2bXtOHjsdlHtvcWHU7I9rJEvnmSdsBPhgzB8SQiIZqZOSlWFA0jptoswa6t3BeUvCExhtOAr6KvJ+IrcYZnbVLypZ/Pr/U42XsQDvCloVrM2iCmxV+ZekwNqu7P9ceudxZn84s8=',0);
insert into usuario values ('atendente', 'atendente@sigo.com.br', '7kk5fTiYoMEMlLvjcfLS/2J1K+WbMwGhesO3gQfGGNP7fHqlTNzJfItTxX42oaVlJaCU3MXudRoP6HG2Xgyx+Yh5SvnQi06dx4+8tafYT60r1N/wDgrDwlY/VUjsra280oAJ0U8yDBpS192/qclyl8AyYTVBsIdSkiMnJ02gtoI=', 'NdciOy7LHEq6DDY7K/SXPg/CM3fBWumAZXfev3KhEnHaHfGB2F6w9JtqgNTpek7iw3lIuqOtFk5vM9S07OVNhiCx0wmmwJzPfGet4phpEse+FNSajRjWGhLiyVaqGHnKmGzNiJDynDSwIWcwKPIWTby4H9LuxLk6QkggUE6wQ3I=',1);
insert into usuario values ('tecnico1', 'tecnico1@sigo.com.br', 'Jkpbrs7r0WkPo6V3AuxptXiPoHrcIOaBpjebNgutrfBwzhGHTb50aKpDYhSZxu6pwzGucRirnJEsicGWjuOFp6tBS9eAsnzIeJY71rJyXXs8NoMjA8/+fc8ZxlZ5Xyh4WV+0u5a6dbB91blUDEwHnWfk6FX52f2g+5bHa0cq0N0=', 'HKjQJOyMRrbv6WqxBQePS6d0aVcin1MqKfDLWUiLpVn85Xcn7q+84LRjM3c0ezC05m1gSDWaVIee2zC8CdXh9xq9XVkdhChV7bkulbTfLr7QQe0X3kC1RGqYAixqSgGJ2X4I8SxkLX8785Ywyw4VToGOtDf4STMC7BZ5sn3EXw4=',2);
insert into usuario values ('tecnico2', 'tecnico2@sigo.com.br', 'ZodLTyKFR2iUfLAb8TWDEbPx7w/Yl4zY5UuAoXKjqocbT7C6BeitkUGWCFJE66odDHzSKE21rF/hXmziFYtDKyrD8QtdtK1LLNEf1z4zZasLxm3BEHaF7YXu5FALh6RFvl4m0xfXAUpw6szbvxdNlXCo2npga4e+2y54s93yjxg=', 'KuF4AjgQDBj/BPl8wGFu/ksBKQPVMUT26mNeDjC9L+yWFAbY3wCccL/65bsuP5xotTRxpVZp77nbt/lqcJPIc7dsCz4h/oN7q7yR2+e1+nlkLnqUcRUxiAdAzbKn/rLDO1c5NMou1zqPCG1wbZ3PRojxsI9o8jPTTHADINYUyjU=',2);
insert into usuario values ('tecnico3', 'tecnico3@sigo.com.br', 'RE4j61l+7hwx4nb3uwAbb4V6cjMlTxryPcXN0Ugy5s7v4V5DQNp5beNr1m7RigCK3Je/s/FSlgbgYXS3BQwXy7JSbto8wfujZ4xrm9byHJfnGGlCRLpvLAIemwoxqrE9TmAX8v+/PWm/cNaKRYLnaylwWHm8Q749zfwb95E5m7U=', '9gH5NqONSxHJBJJc9E0BV/HMr6fmY1d+qY60gdKB+ce60dWj8C+0c+qNK8+SIM10jFnwMJnluwhUGbPzVxpaXBAcwkM/ZAsI/jzA7Ez3zy0COsGIpIHlAmu6kbG62/X8aBh64SSohslMHm9zaCiLbKS6SM5vAEDs/5AQkOa+6q0=',2);
insert into usuario values ('tecnico4', 'tecnico4@sigo.com.br', 'i7AjduN2Fnp0OKZtHl7Ao/Cd/2Bm3Ztexowe42MGZwgboKVsodKXE2HM4e3Dokg3tBxYdMMVCp69xhxaDQByqKOsDMCgUF8/dGCtuUq6BIGBU5n0kEYoLgnNL0aRCic4szpPJWLLYFKjaw8Dw5NuIgX5ZVBI2hOpOGrJQri8dn8=', 'PXyF3dpw6SI2a81kLDc13G59st2as8LbmKTQ4fPiAqcMQ8vaHD/Rff/MV1kKcgVzSODSLSXr6I90bcooEbjNLU1TfZV2KETLRq2o/uWkhA+3avPBBZSOPceA6CtH451AVeOz0+Qz9j1XCaqVY59fCQ9YnK3rXDAxgkSuOaxs3HE=',2);
insert into usuario values ('cliente1', 'cliente1@gmail.com', '+XybNlek6/lCbiX1XP0Tr8OOXiCNcp4gtMGsFQlruOfIT/YXUet7Xe2VwRStwzrJbxZ5gArtvjirYY8o3/MIIqbH7LYJpgTwZ9CA+2cUq2wVoM4uAXcJ6EsedNK4+6mmTi8fWCHTKlMvz17jtQLQQ0u/Js1v91vRataH+ymLBak=', 'DygErMoDl8zQnZ7PsjWGYEZeTJ+1OjJFVBLwC3P5Q+yQKI/COkf9WSUOr8s/hVF47gKyJ5CzDDDp8YuOqyZbuEKtwr4KkrkEIzKxTpT8U00xrW5dRyeUtHnv8leA8EdodNR7Ca5UwQO73EQE/+n4dT5x7kqqjf7k14x2Sca/aYQ=',3);
insert into usuario values ('cliente2', 'cliente2@gmail.com', 'OdRvKAQk+hChzkIVMZT9EsTU6hiNdE0LbNbGrNQgCKwdqnaNY0r46viXE0OJx27DXKGpSiTiIPkEqisfpMudMNpqMy6hjlhCOinCbxJo5RgrD6BwcE1rmDBLs1BBCRSAXAFzAdjy62yr0aZ0CkzROp4x70eSZ44/gfBK0fEE57w=', '+6UXTsSu7BLvkuAZ36QnPqJ/Oghkdz/ADoSKidIARE6CLE6t7GsfNbhgJBTFb1E7DLVvQ9MZbNQ24LEHIRBBnXRWtCcRoxOZd1o3FAsRgTULYtcC5WWnVHahVG8dP0PmCz84EuK3a2SVL0SQJaKOpM8x2OKe8wxcEbTX+hq79Ss=',3);
insert into usuario values ('cliente3', 'cliente3@gmail.com', 'O63rywiDM/acWbt3aAln2DIusajOkq17s1aQ9mTmFV6Kfmn1CVTqndT5UBojMfYO2I1dX2+oZ6I2ejSrl38z03/j2x++UjTKzAbjrforcCsZvTLLH9MxoogJdiICqeUEXrfa+zRPJv9ir4ryUD5/eREavTu/G+3GFkMQenthh40=', 'nwPV/777Q2Y7jFOxc3thQSYQddTL3t0OGIjIx4BFBXYumJKTYPLx9BrDOJ2RN7arCAi4Lb+JSgzsuVf/sfcCamJRPBzUPILuVI4+kkxTkjh1B82y70kV4AyBMpg+AAseGcLcXBDhgmBje9QdS5eJ9GyMXbpG5nJ6Z0wKSFrrFs8=',3);
insert into usuario values ('cliente4', 'cliente4@gmail.com', 'lL2XCMVZ67RpPUV0ezDWJz+w6vB7EXosrhHtFBHeYMaD5UAaiV0oVvFbumU31RufNe79b8iJeW3ZJJeDflvGqtvXYDk3ctuwoN3idhmskT+RuWIEcvopnFGB4aLz00tghYCnM7vL0nrY2zySXOgmkv3nPLuwAc4eqeHv79LyGYc=', 'hJWOOoSK5t/2b/xbpKcoo7o2fyL+lUcuTRe6i85jU8hWBav+hbIyurmlE/D+iBfXzjPIW3Pi9/sQ3FU+IgPGn5djlcKGtJV7TVh0YJfiURcM9Rj+McjhyndRORQlLTphiYbYeEhu/Xcg8pZKfeIFfomWpzskC8Uq1vou546YUKs=',3);
insert into usuario values ('cliente5', 'cliente5@gmail.com', 'WY12cIQBLKYmSC4ulz1taoj/d5npbF0kHpfWD7SRkcF2ZC+CuWrxPDYFS0+bRNQAb6d4XKP9qbgncngd7A9/AeqAShnjASuaWDvSFsl4ZNqv3zZ3uE11CRyDAV6P1NM6Gi+b2ROJNGEs9zcVZ6hWyBaCSvBQaCVC3Gg08vmFA9o=', '3D7W7XY31lRpX8L5wO02DefiLTQhACDjqI2RwTy3pS2tfwA9FItd2q/+942JxvvjNv8edhzwgBcIoFfz1vVBlDoTjqQhL6Nad51XQIAxSWVl0d7Q83mBC+d15WL+X07ggbD77bygPw4dxRzjv48Q1eaohvyAqEISWQjaBlqZzf0=',3);
insert into usuario values ('cliente6', 'cliente6@gmail.com', 'OOz4+f5bmAM6rtJd87K4+lCD9lcykiqAyjOCX0MqoOE6hI6/EVplTIqhzY6fW5kOqlqSB66FOJ6MIDDQq3FQKXxnrucAlFuvKpFCd0DF2SxxwiVGW1B7skWv/m6i/2wLbRePQZNTiWXqrnKdptxD942dFX2vzYDcPq3zwMwRltc=', 'feEMk+BthLYKXwfPHWIeM/v43SVpjkjy6tTzlUHmUL0OzrAFXxKSXCq7qFOnpzWskrbsybnakE9GyijuReFiSvHkNZGBr8P/B0pHyomXiCqZPnUkxKAjYwigCnq78TxaqGirM4ofQggBLp/8vVMbfKPzwVOFocfjzX/QgH3uhNY=',3);
--exceto esta que é admin
insert into usuario values ('admin', 'admin@admin.com', 'QmrZR2ytFDRSqGcZbcpQTQTo2e/4N5FxG1t4KYtYhyT87qg4TwSUlbtEgq8sIwVjepoe3jeYXxhb6ratMA6TOTAYINigHH644V6ePpCsziKidmKO1l/zwvq+WLlFjLuvPFYWlETBiuIwZZTsoPQmI9b8QC3ZggmcYZ4RxAV4yjw=', 'LcMkbwvLZDHo08XzY19WyvpQjzV8uYcqAcwdCO4ckxFHg6JgEiYrQmIVRM4C27D+T+vC0q/dZ6AAKAyuBv4f5FGkiDD+ZsJkYobPn6K9Z7ZXT3ak6uw9vF+aExaInCaf3tssUddcSNuef2IIbp8lTlDWlGDF7KffvKZ9f3BsuCY=', 0);

insert into funcionario values ('gerente','Matheus Carvalho Pereira','Rua Alcino Vicente, 1858','','51900-122','Poços de Caldas','MG','3770-4354','',10000,'gerente');
insert into funcionario values ('atendente','Vitória Pinto Ferreira','Rua Jorge Moreira de Sousa, 309','','50200-122','São Paulo','SP','(11) 2657-2935','',20000,'atendente');
insert into funcionario values ('tecnico1','Luan Cardoso Melo','Avenida Doutor Vicente Machado, 1629','apto. 91','50930-122','Ponta Grossa','PR','(42) 7659-4535','(42) 7659-6488',40000,'tecnico');
insert into funcionario values ('tecnico2','Kauê Melo Rocha','Rua da Coleirinha, 585','apto. 11','50560-122','Petrolina','PE','(87) 9465-4471','',40000,'tecnico');
insert into funcionario values ('tecnico3','Clara Azevedo Fernandes','Rua Leonardo Marcondes Gonzaga, 891','','50940-122','São Bernardo do Campo','SP','(11) 3980-7347','',40000,'tecnico');
insert into funcionario values ('tecnico4','Leila Dias Oliveira','Rua Santa Rita, 1121','','50910-122','Itabuna','BA','(73) 6216-6312','',40000,'tecnico');

insert into cliente values ('cliente1','Clara Barbosa Gomes','Rua Renato Leite e Silva, 1282','apto. 51 bloco A','50230-122','Rio de Janeiro','RJ','(21) 8184-6433','(21) 98326-2425');
insert into cliente values ('cliente2','Anna Ribeiro Gomes','Rua Dez, 1659','','50456-122','Duque de Caxias','RJ','(21) 5173-4940','');
insert into cliente values ('cliente3','Leila Ferreira Araujo','2ª Travessa Manuel Salvador, 1845','apto. 51 bloco A','50909-122','Recife','PE','(81) 4519-5274','');
insert into cliente values ('cliente4','Kauan Oliveira Carvalho','Rua Diadema, 1596','','06396-140','Carapicuíba','SP','(11) 8742-9388','');
insert into cliente values ('cliente5','Aline Melo Almeida','Rua Daiana Cristina Cunha de Oliveira, 1335','','06140-182','Osasco','SP','(11) 4387-7174','');
insert into cliente values ('cliente6','Leonor Fernandes Azevedo','Rua Gerônimo Muraro, 138','apto. 91','82410-020','Curitiba','PR','(41) 4230-4500','');

insert into veiculo values ('660569059','FAQ-4312','Volkswagen','FOX 1.0','2012','cliente1');
insert into veiculo values ('305798627','BTG-3847','Fiat','Palio ELX 1.4','2009','cliente2');
insert into veiculo values ('899009531','POL-2256','Renault','Duster','2014','cliente3');
insert into veiculo values ('293359498','BEF-1847','Chevrolet','Astra','2009','cliente4');
insert into veiculo values ('735868371','CAR-3874','Ford','Focus','2013','cliente5');
insert into veiculo values ('491584678','BEQ-1432','Volvo','XC 90','2014','cliente6');
insert into veiculo values ('491534278','BWQ-1534','BMW','M5','2014','cliente1');

insert into mecanico (nome, end_rua, end_complemento, end_cep, end_cidade, end_estado, telefone_1, telefone_2, especialidade)
	values ('Paulo Gomes Cardoso','Rua Suzana Dias, 1571','','13300-045','Itu','SP','(11) 8129-7288','',0);
insert into mecanico (nome, end_rua, end_complemento, end_cep, end_cidade, end_estado, telefone_1, telefone_2, especialidade)
	values ('Leonor Silva Pereira','Rua Augusto José de Souza, 1468','','39801-392','Teófilo Otoni','MG','(33) 3475-5837','',1);
insert into mecanico (nome, end_rua, end_complemento, end_cep, end_cidade, end_estado, telefone_1, telefone_2, especialidade)
	values ('Julia Gomes Pinto','Travessa São João Batista, 352','','28027-325','Campos dos Goytacazes','RJ','(22) 9924-2984','',2);
insert into mecanico (nome, end_rua, end_complemento, end_cep, end_cidade, end_estado, telefone_1, telefone_2, especialidade)
	values ('Bruno Martins Correia','Rua Maria Antonieta, 439','','55018-480','Caruaru','PE','(81) 9281-3043','',3);
insert into mecanico (nome, end_rua, end_complemento, end_cep, end_cidade, end_estado, telefone_1, telefone_2, especialidade)
	values ('Kauan Rodrigues Araujo','Rua Doutor Gonçalves Lima, 640','','21555-500','Rio de Janeiro','RJ','(21) 5909-2519','',4);
insert into mecanico (nome, end_rua, end_complemento, end_cep, end_cidade, end_estado, telefone_1, telefone_2, especialidade)
	values ('Isabela Pinto Fernandes','Rua Doutor Romeu Marra da Silva, 1230','','24358-510','Niterói','RJ','(21) 5148-9846','',5);

insert into tipo_servico (nome, descricao, especialidade, valor_mao_obra)
	values ('troca de óleo','troca de óleo do motor', 0, 100);
insert into tipo_servico (nome, descricao, especialidade, valor_mao_obra)
	values ('funilaria','conserto de amassados na carroceria', 1, 500);
insert into tipo_servico (nome, descricao, especialidade, valor_mao_obra)
	values ('eletrica','conserto de problemas relacionados a parte eletrica', 2, 300);
insert into tipo_servico (nome, descricao, especialidade, valor_mao_obra)
	values ('troca de lâmpada','troca de lampadas queimadas', 3, 100);
insert into tipo_servico (nome, descricao, especialidade, valor_mao_obra)
	values ('solda','serviços que requerem o uso de soldagem', 4, 500);
insert into tipo_servico (nome, descricao, especialidade, valor_mao_obra)
	values ('troca de peças','substituição de peças do veículo', 5, 1000);

insert into tipo_peca (nome, descricao, preco, quantidade)
	values ('radiador','radiador da marca X com ótima durabilidade', 1000, 50);

insert into tipo_peca (nome, descricao, preco, quantidade)
	values ('lampada','lâmpadas de cores diversas para os faróis', 30, 100);

insert into tipo_peca (nome, descricao, preco, quantidade)
	values ('maçaneta','maçaneta para portas diversas', 300, 10);

-- insert into peca values ('215415455455-4785','11/08/17', 1, 1);
-- insert into peca values ('22454554-44555-55','27/10/20', 1, 1);
-- insert into peca values ('214545454545-4785','15/02/17', 1, 2);
-- insert into peca values ('123323255455-4785','17/01/18', 1, 2);
-- insert into peca values ('211221222255-4785','10/05/16', 1, 3);
-- insert into peca values ('215413335455-4785','11/08/18', 1, 3);

insert into agendamento (data, hora, status, renavam_veiculo)
	values (to_date('24/07/2015', 'dd/mm/YYYY'),'3', 1, 491534278);
insert into agendamento (data, hora, status, renavam_veiculo)
	values (to_date('24/07/2015', 'dd/mm/YYYY'),'5', 1, 293359498);

insert into mecanico (nome, end_rua, end_complemento, end_cep, end_cidade, end_estado, telefone_1, telefone_2, especialidade)
	values ('Leonardo Dias Fernandes', 'Rua Mário Luciano da Silva, 1492', null, '36200-678', 'Barbacena', 'MG', '(32) 9764-9595', null, 1);
insert into mecanico (nome, end_rua, end_complemento, end_cep, end_cidade, end_estado, telefone_1, telefone_2, especialidade)
	values ('Aline Lima Carvalho', 'Rua dos Operadores, 329', null, '58083-120', 'João Pessoa', 'MG', '(32) 9764-9595', null, 1);
insert into mecanico (nome, end_rua, end_complemento, end_cep, end_cidade, end_estado, telefone_1, telefone_2, especialidade)
	values ('Leonardo Dias Fernandes', 'Rua Mário Luciano da Silva, 1492', null, '36200-678', 'Barbacena', 'MG', '(32) 9764-9595', null, 1);
insert into mecanico (nome, end_rua, end_complemento, end_cep, end_cidade, end_estado, telefone_1, telefone_2, especialidade)
	values ('Leonardo Dias Fernandes', 'Rua Mário Luciano da Silva, 1492', null, '36200-678', 'Barbacena', 'MG', '(32) 9764-9595', null, 1);
insert into mecanico (nome, end_rua, end_complemento, end_cep, end_cidade, end_estado, telefone_1, telefone_2, especialidade)
	values ('Leonardo Dias Fernandes', 'Rua Mário Luciano da Silva, 1492', null, '36200-678', 'Barbacena', 'MG', '(32) 9764-9595', null, 1);

insert into os (data_emissao, data_conclusao, status, motivo_suspensao, id_equipe, id_agendamento)
	values (to_date('07/08/2015', 'dd/mm/YYYY'), to_date('17/08/2015', 'dd/mm/YYYY'), 1, 0, 1, 1);
